{"theme":{"typography":"Typography","tables":"Tables","forms":"Forms","buttons":"Buttons","images":"Images","dropdowns":"Dropdowns","navs":"Navs","navbar":"Navbar","breadcrumbs":"Breadcrumbs","pagination":"Pagination","jumbotron":"Jumbotron","page-header":"Page header","thumbnails":"Thumbnails","progress-bars":"Progress bars","media-object":"Media object","panels":"Panels"},"javascript":{"js-modals":"Modals","js-dropdowns":"Dropdowns","js-tabs":"Tabs","js-tooltips":"Tooltips","js-popovers":"Popovers","js-buttons":"Buttons","js-collapse":"Collapse","js-carousel":"Carousel"},"ajax":{"ajax-link":"Ajaxify link","ajax-form":"Ajaxify form","ajax-dialog":"Ajaxify dialog","jquery-file-upload":"jQuery file upload","validate-js":"validate.js"},"authentication":{"ion-auth":"Ion auth"}}